Srno,Department,Budget Head,Allocation
1,000108 Council Office,2101001 Salaries & Allowances,24200000
2,000108 Council Office,2101021 Wages (Muster Workers),100000
3,000108 Council Office,2102001 Remuneration & Fees - Mayor,10000000
4,000108 Council Office,2102061 Staff welfare expenses,200000
5,000108 Council Office,2201201 Telephone expenses,1000000
6,000108 Council Office,2201203 Postage/S.M.S/Courier Exp.,200000
7,000108 Council Office,2202001 Books/Magazines For Office,500000
8,000108 Council Office,2202003 Books and Periodicals for IMC Library,500000
9,000108 Council Office,2202004 Books/Periodicals For Safai Kamgar Library,50000
10,000108 Council Office,2202101 Printing expenses,500000
11,000108 Council Office,2202102 Stationery,900000
12,000108 Council Office,2203005 Travelling and Conveyance - Staff,500000
13,000108 Council Office,2204003 Insurance Exp. Ravindra Natya Grih,100000
14,000108 Council Office,2205110 Exp.For Legal Cases Due in court,100000
15,000108 Council Office,2206031 Shahnai Vadan (Cultural Events (Corporation),500000
16,000108 Council Office,2206032 Exp. on Organising Cultural Events At Historical Places,100000
17,000108 Council Office,2206042 Exp. on Guests,1500000
18,000108 Council Office,2206043 Photography / Designing & Publication Expenses,1000000
19,000108 Council Office,2206101 Membership Fees for all India Council of mayors / Sports Council,200000
20,000108 Council Office,2208001 Expenses for Meeting of Corporation / MIC,2500000
21,000108 Council Office,2208003 Corporation's Discretionary Expenses,1000000
22,000108 Council Office,2208004 Mayor's Discretionary Expenses,3000000
23,000108 Council Office,2208005 MIC's Discretionary Expenses,5000000
24,000108 Council Office,2208010 Exp. on Assistance/Grant Underule,5000000
25,000108 Council Office,2208051 Miscellaneous expenses,200000
26,000108 Council Office,2304003 Hire Charges of Sound Equipments,500000
27,000108 Council Office,2305065 Temporary Electricity Arrangement,100000
28,000108 Council Office,2305202 Electric and Sound Arrangement Exp.at Ravindra Bhawan,1000
29,000108 Council Office,2305504 Maintance Of office Equipment Photo-copiers,300000
30,000108 Council Office,2502001 Sports and Social Cultural Activity Exp.,12500000
31,000108 Council Office,2502002 Ganesh Visarjan Function/Procession Exp.,700000
32,000108 Council Office,2502003 Exp. on National Festival/Programs/Govt. Camps,200000
33,000108 Council Office,2502004 New Year Celebration (Gudi Padwa),2500000
34,000108 Council Office,2502005 26 Jan. & 15 Aug.National Festival Celebration,250000
35,000108 Council Office,2502007 Picnics/Functions for School Children,200000
36,000108 Council Office,2502008 Exp. on Mayor/Speaker Conference,500000
37,000108 Council Office,2502010 Expenditure on retired employees Honors Program,100000
38,000108 Council Office,2502012 Exp. on Socical Cultural Activities (Malwa Utsav),1500000
39,000108 Council Office,2502013 Exp. On Different Social/ Cultural/Neem Fastival/ Ahiliya Drama / World garden day (Marathon/Others),1000000
40,000108 Council Office,2502014 Exp. on Socical/Cultural Activivites (I.M.C. Contribution),1000000
41,000108 Council Office,2502015 Exp. on Mayor Wreslling competition,2000000
42,000108 Council Office,2502016 Exp. For Mayor Office,500000
43,000108 Council Office,2502017 Award for Best Corporator in Memory of Rajesh Joshi,2100000
44,000108 Council Office,2502020 Programme Organised by District Administration & Law & Safety Exp.,2000000
45,000108 Council Office,2502021 Brmhlin Laxman Singh God the memory distribute sewing respectively h Expenditures,2000000
46,000108 Council Office,2502024 Exhibition & Social Works,500000
47,000108 Council Office,2503001 Contribution to Lata Mangeshkar Prize,600000
48,000108 Council Office,2503002 Contribution to functions of District Administration(Jhanda Uncha Rahe Hamara),200000
49,000108 Council Office,2503003 Contribution to functions of State Administration,1000000
50,000108 Council Office,2503005 IMC Contribution to Ahilya Prizes,500000
51,000108 Council Office,2503006 IMC Contribution In Ganesh Visarjan Jhanki,2000000
52,000108 Council Office,2503008 Antonday Fair organized by the state government expenditures on,3000000
53,000108 Council Office,2503010 Support for cultural activities / grants expenditure,2500000
54,000108 Council Office,2503013 organized by the district administration and Corporation Rahgiri Day arrangements expenditure,1200000
55,000108 Council Office,2503014 Heavenly Prakesh Sonkar Memory Grant for Gold Club Tournament,100000
56,000108 Council Office,2601005 A.I.C.T.S.L for the subsidy to the student /pass Expenditure,5000000
57,000108 Council Office,2601006 Senior Citizen / Disabled / Blind / Mukvdir / disabled persons to pass the subsidy / grant expenditure to A.I.C.T.S.L,7500000
58,000108 Council Office,2602001 IMC Contribution/Grant For Om Nagpal Library,400000
59,000108 Council Office,4106004 Purchase of Photo-copiers,200000
60,000108 Council Office,4106011 Purchase of Office Equipment,200000
61,000108 Council Office,4107001 Purchase of Furniture,2500000
62,000108 Council Office,4108016 Expenditure on City center E library,5000000
63,000109 Public Relation Office,2201221 Postage/Courier expenses,300000
64,000109 Public Relation Office,"2202005 Table, Diaries and Calender/ Publication",300000
65,000109 Public Relation Office,2202106 Printing & Stationary Exp.,600000
66,000109 Public Relation Office,2203005 Travelling and Conveyance - Staff,50000
67,000109 Public Relation Office,2206001 Publicity & Advertisement Expenses,20000000
68,000109 Public Relation Office,2206002 Tenders Advertisement Expenses,30000000
69,000109 Public Relation Office,2206004 Issue of Notices,25000
70,000109 Public Relation Office,2206012 Publications expenses of citizen edition on E-News (citizen) Social Media,3000000
71,000109 Public Relation Office,2206022 Publication of Periodicals/Magazines/Others,2000000
72,000109 Public Relation Office,2206043 Photography / Designing & Publication Expenses,2500000
73,000109 Public Relation Office,2206044 Documentary and Video Films,2500000
74,000109 Public Relation Office,2208002 Exp. On Reception of V.I.P.Guests expenses,200000
75,000109 Public Relation Office,2208007 Exp. on Protocool,1100000
76,000109 Public Relation Office,4106025 Purchase of office Equipments,200000
77,000201 Municipal Commissioner's Office,2101001 Salaries & Allowances,42350000
78,000201 Municipal Commissioner's Office,2101021 Wages (Muster Workers),400000000
79,000201 Municipal Commissioner's Office,2101035 Compensation in Death of Muster Employees,12500000
80,000201 Municipal Commissioner's Office,2102031 Medical Allowance/Expenses,500000
81,000201 Municipal Commissioner's Office,2102071 Staff training expenses,500000
82,000201 Municipal Commissioner's Office,2102072 Staff Personality Development Expenses (yoga),1000000
83,000201 Municipal Commissioner's Office,2201130 Maintenance of Records,100000
84,000201 Municipal Commissioner's Office,2201201 Telephone expenses,2500000
85,000201 Municipal Commissioner's Office,2201202 Mobiles/Motorola Set Maint. Exp.,1500000
86,000201 Municipal Commissioner's Office,2201221 Postage/Courier expenses,75000
87,000201 Municipal Commissioner's Office,2202001 Books/Magazines For Office,100000
88,000201 Municipal Commissioner's Office,2202101 Printing expenses,100000
89,000201 Municipal Commissioner's Office,2203005 Travelling and Conveyance - Staff,300000
90,000201 Municipal Commissioner's Office,2205203 Salary of Employees of Training and Cearning Centra,500000
91,000201 Municipal Commissioner's Office,2206041 Workshop and Seminars,200000
92,000201 Municipal Commissioner's Office,2206103 Membership Fees,500000
93,000201 Municipal Commissioner's Office,2208006 Commissioner's Discretionary Expenses,500000
94,000201 Municipal Commissioner's Office,2208011 Awards (Corporation Employees),200000
95,000201 Municipal Commissioner's Office,2208014 Exp. On Guests,100000
96,000201 Municipal Commissioner's Office,2208051 Miscellaneous expenses,400000
97,000201 Municipal Commissioner's Office,2208053 Miscellaneous Expenses (Zone Head),1900000
98,000201 Municipal Commissioner's Office,2305093 Maint. of Typewriter / Photocopy Machine,300000
99,000201 Municipal Commissioner's Office,"2305507 Maint. Of Telephones, EPBX, PBX",500000
100,000201 Municipal Commissioner's Office,2501001 Election Expenses,5000000
101,000201 Municipal Commissioner's Office,4106010 Purchase of Telephones and Mobiles,2500000
102,000201 Municipal Commissioner's Office,"4108012 Dev. of Play Ground , Stadium Sports Activity",20000000
103,000205 Chief Law Officer,2101001 Salaries & Allowances,9680000
104,000205 Chief Law Officer,2201221 Postage/Courier expenses,50000
105,000205 Chief Law Officer,2202001 Books/Magazines For Office,100000
106,000205 Chief Law Officer,2202101 Printing expenses,25000
107,000205 Chief Law Officer,2203005 Travelling and Conveyance - Staff,200000
108,000205 Chief Law Officer,2205101 Legal Fees,300000
109,000205 Chief Law Officer,2205111 Exp. on Order of Courtand Decree Expenses,200000
110,000205 Chief Law Officer,2205211 Legal fee (Advocate Fees),15000000
111,000205 Chief Law Officer,2208051 Miscellaneous expenses,100000
112,000205 Chief Law Officer,4106011 Purchase of Office Equipment,50000
113,000205 Chief Law Officer,4107001 Purchase of Furniture,100000
114,000207 Laboratory,2101001 Salaries & Allowances,6050000
115,000207 Laboratory,2103005 Commutation of Pension (Staff),50000
116,000207 Laboratory,2201221 Postage/Courier expenses,1000
117,000207 Laboratory,2205202 Exp. On Technilal officer (Public Analyst) / Employees on Contractual basis,500000
118,000207 Laboratory,2208051 Miscellaneous expenses,10000
119,000207 Laboratory,2208501 Examination of Food Samples,100000
120,000207 Laboratory,2208502 Examination of Water Samples,40000
121,000207 Laboratory,2261003 National Accreditation Board for Testing & Calibration Lab (NABL),300000
122,000207 Laboratory,2308007 Laboratory Equipments/ Chemical Exp,1500000
123,000207 Laboratory,2308008 Examination of Pvt. Food Samples,25000
124,000207 Laboratory,4104001 Purchase of Chemical Testing Equipment,300000
125,000301 Accounts Department,2101001 Salaries & Allowances,21175000
126,000301 Accounts Department,2101013 Benefit of Revised Salary,500000
127,000301 Accounts Department,2101014 Last Years Salary,1000000
128,000301 Accounts Department,2101015 Dearness Allowance Payable (Staff),2500000
129,000301 Accounts Department,2101016 Dearness Allowance Payable (Safai Kamgar),2500000
130,000301 Accounts Department,2101017 Benefits of Fifth Pay Commission Payable (Staff),500000
131,000301 Accounts Department,2101018 Benefits of Fifth Pay Commission Payable (Safai Kamgar),500000
132,000301 Accounts Department,2101019 Exp. On other Allowances to Staff/ Kamgar,500000
133,000301 Accounts Department,2101031 Bonus,1000
134,000301 Accounts Department,"2201213 Accounts, Audit & Systems",500000
135,000301 Accounts Department,2201221 Postage/Courier expenses,100000
136,000301 Accounts Department,2202101 Printing expenses,100000
137,000301 Accounts Department,2203005 Travelling and Conveyance - Staff,100000
138,000301 Accounts Department,2205011 Audit Exp.,50000000
139,000301 Accounts Department,2205212 C.A. Consultancy Fees,4000000
140,000301 Accounts Department,"2205221 Income Tax Consultancy fees, charges",300000
141,000301 Accounts Department,2208051 Miscellaneous expenses,400000
142,000301 Accounts Department,2208054 Other Deduction From Assigned Revenue & Compensation Recived From Goverment,80000000
143,000301 Accounts Department,2208542 Temporary Employee E P.F. and Insurance Exp,200000000
144,000301 Accounts Department,2208555 IMC Contribution Temporary Employee E.S.I. Exp,20000000
145,000301 Accounts Department,2305086 Expenditure On Previous Year Devlopment Works,1000000000
146,000301 Accounts Department,2305401 Maint. of Furniture /Fixtures,200000
147,000301 Accounts Department,2403001 HUDCO Loan - Interest Payment,5000000
148,000301 Accounts Department,2403004 Interest on HUDCO Lona For Overhead Tank (New),2500000
149,000301 Accounts Department,2403005 Interest on Army Loan,2000000
150,000301 Accounts Department,2403006 Interest on Loan of State Govt. (MPEB),1000
151,000301 Accounts Department,2403007 Interest on Loan for Construction of Houses for EWS,10000000
152,000301 Accounts Department,2403008 Interest on Loan for C.M. Infrastructure Development,10000000
153,000301 Accounts Department,2403009 Interest on Loan for Expenditure on Work Under Jnnurm Project,35000000
154,000301 Accounts Department,2404001 Intrest on Loan of Asian Development Bank water Supply Project,250000000
155,000301 Accounts Department,2405001 Bank Overdraft Charges/ Bank Charges/ Interest,35000000
156,000301 Accounts Department,2405002 Interest on Hudco Loan for JNNURM PROJECT,1000
157,000301 Accounts Department,2405004 Interest on Loan for ADB (Project Uday) IMC Contribution,30000000
158,000301 Accounts Department,2405021 Interest on Proposed Loan,100000
159,000301 Accounts Department,2406001 Interest on Loan from HUDCO for Municipal Bonds Road Projects,1000
160,000301 Accounts Department,2408002 Guarantee Charges on Bond/Loan,10000000
161,000301 Accounts Department,2502018 Deepawali Exp.,100000
162,000301 Accounts Department,3303003 Loan Repayment for JNNURM,1000
163,000301 Accounts Department,3303004 Loan Repayment for ABD,220000000
164,000301 Accounts Department,3303007 Loan Repayment for Construction of Houses for EWS,23000000
165,000301 Accounts Department,3303008 Loan Repayment for C.M. Infrastructure Development,16000000
166,000301 Accounts Department,3303009 Loan Repayment for Extra Expenditure on Work Under Jnnurm Project,70000000
167,000301 Accounts Department,3303012 Loan Repayment of Proposed Loan,100000
168,000301 Accounts Department,3307001 Repayment of Bonds/ Loan (Escrow A/c),1000
169,000301 Accounts Department,3308003 Repayment Of Nanda Nagar Infrastructure Loan,15000000
170,000301 Accounts Department,3312001 Repayment Of State Govt. Loan (MPEB),1000
171,000301 Accounts Department,3312003 Repayment Of HUDCO Loan (Tanks Part 2),4000000
172,000301 Accounts Department,3315003 Repayment of Loan for ADB (Project Uday) IMC Contribution,60000000
173,000301 Accounts Department,4106002 Purchase of Computers/Peripherals,200000
174,000301 Accounts Department,4106011 Purchase of Office Equipment,200000
175,000301 Accounts Department,4107001 Purchase of Furniture,500000
176,000304 Accounts Department,2101042 Pyment of Revised Salary as Per 7 th Pay Commission,200000000
177,000304 Accounts Department,2202107 Printing Exp.for Budget,1000000
178,000403 Pension,2101001 Salaries & Allowances,3025000
179,000403 Pension,2101034 Benefits of Sixth pay Commission Payable Staff / Safai kamgar,4900000
180,000403 Pension,2103001 Pension / Family Pension,300000000
181,000403 Pension,2103003 Pension of Safai Kamgar,100000000
182,000403 Pension,2103004 Commutation of Pension (Safai Kamgar),2000000
183,000403 Pension,2103005 Commutation of Pension (Staff),2500000
184,000403 Pension,2103006 Pension Payable (Staff),1000000
185,000403 Pension,2103007 Family Pension Payable (Staff),2000000
186,000403 Pension,2103008 Pension Payable (Safai Kamgar),500000
187,000403 Pension,2103009 Family Pension Payable (Safai Kamgar),500000
188,000403 Pension,2103010 Benefits of Fifth Pay Commission Payable (Pension),200000
189,000403 Pension,2103012 Pyment of Revised Pension as Per 7 th Pay Commission,100000000
190,000404 Retirement benifit,2101032 Ex-Gratia,1200000
191,000404 Retirement benifit,2104002 Retirement Gratuity,20100000
192,000404 Retirement benifit,2104003 Gratuity Of Safai Kamgar,10000000
193,000404 Retirement benifit,2104006 EX - Gratia (Staff),1000000
194,000404 Retirement benifit,2104008 Leave Encashment (Safai Kamgar),1000000
195,000404 Retirement benifit,2104009 Interest Payable On Late Payment of Gratuity,25000
196,000404 Retirement benifit,2104010 Gratuity Payable (Safai Kamgaar),4000000
197,000404 Retirement benifit,2104011 Leave Encashment,8500000
198,000404 Retirement benifit,2104012 Gratuity Payable (Staff),20000000
199,000501 Hardware & Network management Section,2101001 Salaries & Allowances,7865000
200,000501 Hardware & Network management Section,2101037 Salary exp of Employees (Contract basis),3500000
201,000501 Hardware & Network management Section,2102071 Staff training expenses,300000
202,000501 Hardware & Network management Section,2201201 Telephone expenses,1000000
203,000501 Hardware & Network management Section,2201221 Postage/Courier expenses,10000
204,000501 Hardware & Network management Section,2201240 Computerization Expenses (e-Governance),10000000
205,000501 Hardware & Network management Section,2201241 Expenses on Networking/Connectivity,20000000
206,000501 Hardware & Network management Section,2202101 Printing expenses,200000
207,000501 Hardware & Network management Section,2203005 Travelling and Conveyance - Staff,100000
208,000501 Hardware & Network management Section,2204009 Insurance (Hardware Equipment),300000
209,000501 Hardware & Network management Section,2205213 Consultation Charges (Map-IT ),500000
210,000501 Hardware & Network management Section,2205214 Software Development Charges (Including other Department),1500000
211,000501 Hardware & Network management Section,2205215 Exp. of Software Devlopment (Colony Cell)),1000
212,000501 Hardware & Network management Section,2205216 Expenses for Hardware Maintenance,2000000
213,000501 Hardware & Network management Section,2208051 Miscellaneous expenses,200000
214,000501 Hardware & Network management Section,2305147 Maint. of Training Room,200000
215,000501 Hardware & Network management Section,2308023 Expenditure on E-News,1500000
216,000501 Hardware & Network management Section,4102036 Construction of Counter (H.O.),500000
217,000501 Hardware & Network management Section,4102037 Construction of Data Center Building,50000
218,000501 Hardware & Network management Section,4106002 Purchase of Computers/Peripherals,10000000
219,000501 Hardware & Network management Section,4106011 Purchase of Office Equipment,500000
220,000501 Hardware & Network management Section,4106020 Purchase of UPS & Invertor,3000000
221,000501 Hardware & Network management Section,4106022 Purchase of Fire Equipment,100000
222,000501 Hardware & Network management Section,4107001 Purchase of Furniture,100000
223,000601 Materials Handling Section,2101001 Salaries & Allowances,10169500
224,000601 Materials Handling Section,2102041 Uniform Allowance,6000000
225,000601 Materials Handling Section,2201221 Postage/Courier expenses,10000
226,000601 Materials Handling Section,2202101 Printing expenses,5000000
227,000601 Materials Handling Section,2203005 Travelling and Conveyance - Staff,100000
228,000601 Materials Handling Section,2204008 Insurance of Stores & Corp. Building,100000
229,000601 Materials Handling Section,2208051 Miscellaneous expenses,1000000
230,000601 Materials Handling Section,4106011 Purchase of Office Equipment,1000000
231,000601 Materials Handling Section,4107001 Purchase of Furniture,2500000
232,000701 Workshop Department,2101001 Salaries & Allowances,60500000
233,000701 Workshop Department,2101023 Exp. on New Technical Employees,800000
234,000701 Workshop Department,2201221 Postage/Courier expenses,1000
235,000701 Workshop Department,2202101 Printing expenses,300000
236,000701 Workshop Department,2203005 Travelling and Conveyance - Staff,200000
237,000701 Workshop Department,"2203011 Fuel, Petrol and Diesel - Corporation vehicles",160000000
238,000701 Workshop Department,2204002 Exp. for Vehicle Insurance,30000000
239,000701 Workshop Department,2205103 Payment of Claim on Court Order/Cost of suits / compromises,500000
240,000701 Workshop Department,2205106 Inspection Charges for Workshop Employees,10000
241,000701 Workshop Department,2205109 Facilities Under Factory Act,200000
242,000701 Workshop Department,2208051 Miscellaneous expenses,400000
243,000701 Workshop Department,"2303007 Grease, Mobil Oil & Stores for Maintenance of Vehicles",20000000
244,000701 Workshop Department,2303082 Vehicle Battries,2500000
245,000701 Workshop Department,2303083 Maint. of Water Lorry,2700000
246,000701 Workshop Department,2303084 Maint. Of Vehicles (Cabin & Body),14000000
247,000701 Workshop Department,2303085 Purchase of Steel Sheets,5000000
248,000701 Workshop Department,2303086 Maint. of Machinery & Die,300000
249,000701 Workshop Department,2303087 Gas and Electric Welding Material,500000
250,000701 Workshop Department,2303088 Maint of Tools Workshop,150000
251,000701 Workshop Department,"2303089 Paint, Varnish and other Goods",2500000
252,000701 Workshop Department,2303090 Tyre Remolding and Related Material,500000
253,000701 Workshop Department,2303091 Tyre Tubes For Motors and Machines,20000000
254,000701 Workshop Department,2303092 Vehicle Spares,17000000
255,000701 Workshop Department,2304001 Hire Charges of Light Vehicles,28100000
256,000701 Workshop Department,2304004 Hire Charges of JCB/Dumpers Etc.,120000000
257,000701 Workshop Department,2305049 Vehicle Hire Rent JCB/Other,1000000
258,000701 Workshop Department,2305301 Maint of Vehicles (Motor Car),20000000
259,000701 Workshop Department,2305304 Renovation of Vehicles (Trucks),10000000
260,000701 Workshop Department,2305305 Maint. of Tankers,16000000
261,000701 Workshop Department,2305309 Maint. of Hydraulic Vehicles,20000000
262,000701 Workshop Department,2305314 Health (Technical) by operating and maintenance expenses on purchasing vehicles,50000000
263,000701 Workshop Department,2305508 Computer and printer maintenance,400000
264,000701 Workshop Department,2305901 Maint. of Air Compressors,100000
265,000701 Workshop Department,2305902 Pump Sets for service Stations,200000
266,000701 Workshop Department,2305903 Expenses Maintenance of Drainage Vehicles and Engines,3500000
267,000701 Workshop Department,2305911 Desilting and Maintenance of Rivers/Nallas in Urban Area,50000000
268,000701 Workshop Department,4103109 expenditure for purchasing mobile toilets,10000000
269,000701 Workshop Department,4104008 Manhole Mud Remover Machine,4000000
270,000701 Workshop Department,4105001 Purchase of Vehicles/Motor Car,33500000
271,000701 Workshop Department,4105004 Trucks (Lorries and Dumpers),100000
272,000701 Workshop Department,4105009 Dog Catching Vehicle,10000000
273,000701 Workshop Department,4105011 Purchase of JCB/Truck / Tractar/ Water tank,7500000
274,000701 Workshop Department,4105013 Purchase of Tyre Changer Machine,1000000
275,000701 Workshop Department,4105014 Purchase of Hydrolic Jack Drill Machine Grinder HEX,100000
276,000701 Workshop Department,4105015 Purchase of Air Compre. For Section MA,50000
277,000701 Workshop Department,4105017 Purchase of Vehicle,180000000
278,000701 Workshop Department,4105019 Purchase of New Vehicles for Cathing of Stray Cattle,5000000
279,000701 Workshop Department,4105020 Tanker purchase,50000000
280,000701 Workshop Department,4105022 Dev. of Fire and Emergency Service (Grants Ricive) expenditure,10000000
281,000701 Workshop Department,4105023 Dev. of Fire and Emergency Service expenditure(IMC Fund),10000000
282,000701 Workshop Department,4105025 Purchase of New Vehicles,6000000
283,000701 Workshop Department,4105026 Purchasing Vehicles For Improving Traffic System,5000000
284,000701 Workshop Department,4105027 Purchas of Vehicles & Electromeganatic Equipment as IMC contribution Under Clean India Mission,150000000
285,000701 Workshop Department,4105028 Purchas of Water Lorry (For Cleaning & Washing of Toilet ),10000000
286,000701 Workshop Department,4105029 Purchase a New Vehicle for Division & SubDivision Office,20000000
287,000701 Workshop Department,"4106013 Purchase of Machine, Sewerline",80000000
288,101102 Urban Planning Section,2201221 Postage/Courier expenses,10000
289,101102 Urban Planning Section,2202101 Printing expenses,200000
290,101102 Urban Planning Section,2203005 Travelling and Conveyance - Staff,25000
291,101102 Urban Planning Section,2208051 Miscellaneous expenses,300000
292,101102 Urban Planning Section,2208511 Expenses on General Survey,1000000
293,101102 Urban Planning Section,4102019 Expenses on Rehabilitation of Houses,2500000
294,101102 Urban Planning Section,4103095 EXp. from Other goverment funds,50000
295,200102 Self Finance Section,2201221 Postage/Courier expenses,10000
296,200102 Self Finance Section,2202101 Printing expenses,200000
297,200102 Self Finance Section,2203005 Travelling and Conveyance - Staff,50000
298,200102 Self Finance Section,2205223 Consultancy Expenditure on Preparation of Project For Hukumchand Mill Land,5000000
299,200102 Self Finance Section,2205272 Consultant Fees for Self Finance Project,2000000
300,200102 Self Finance Section,2208051 Miscellaneous expenses,300000
301,200102 Self Finance Section,2305206 Maint. of Historical Buildings/Monuments,50000000
302,200102 Self Finance Section,2305248 Maint of Building for Self Finance Project,5000000
303,200102 Self Finance Section,2308019 Exp. On Rain Basera Yojna,20000000
304,200102 Self Finance Section,2503012 Exp. On Ram Roti Yojna,1000000
305,200102 Self Finance Section,4101042 Bookmark Caraha expenditure on the development and Sundayikrn,150000000
306,200102 Self Finance Section,4102002 Anand Mohan Mathur Sbagrh development / expenditure for other functions,100000
307,200102 Self Finance Section,4102003 Market Building(Const. of Trade Center ) maa ahilya vallabh nagar,500000
308,200102 Self Finance Section,4102013 Morden Fish Market Construction,100000
309,200102 Self Finance Section,4102022 Self Finance project nandlal pura sabji mandi,10000000
310,200102 Self Finance Section,4102054 Other Self Finance Project,10000000
311,200102 Self Finance Section,4108006 Construction of New Swimming pool,50000000
312,200102 Self Finance Section,4108056 Commercial Use Manik Bagh Railway overbridge Bogda,50000
313,200102 Self Finance Section,4123044 IMC Contribution to Slum Developemnt(Vambay),1700000
314,202101 Roads and Pavements,2101001 Salaries & Allowances,500000
315,202101 Roads and Pavements,2201221 Postage/Courier expenses,100000
316,202101 Roads and Pavements,2202101 Printing expenses,300000
317,202101 Roads and Pavements,2208051 Miscellaneous expenses,500000
318,202101 Roads and Pavements,2208511 Expenses on General Survey,500000
319,202101 Roads and Pavements,2208513 Road Design and Devlopment Cell Exp,500000
320,202101 Roads and Pavements,4103009 Connotation Of Feeder Road (II Phase),10000000
321,202101 Roads and Pavements,4103010 Exp for Construction of Road (Feeder Phase 3),40000000
322,202101 Roads and Pavements,4103011 Exp for Construction of Road (Feeder Phase 4),10000000
323,202101 Roads and Pavements,4103012 Exp for Construction of Road (Link Road 1),300000000
324,202101 Roads and Pavements,4103021 The proposed link road scheme expenditure,5000000
325,202101 Roads and Pavements,4103037 Development of Link Road (II Phase),300000000
326,202101 Roads and Pavements,4108014 Expenditure for Metro Train plan,25000000
327,202101 Roads and Pavements,4108020 Chief Minister Insfrastructure Development Expenditure (Road\jacsion\other work ),240000000
328,202101 Roads and Pavements,4108023 Chief Minister Infrastructure Development Expenditure (Road Beautification & Other Work),90000000
329,202101 Roads and Pavements,4108054 Dev.of Sawer Road (Industrial Area),50000000
330,202201 Bridges and Flyovers,2201221 Postage/Courier expenses,25000
331,202201 Bridges and Flyovers,2202101 Printing expenses,200000
332,202201 Bridges and Flyovers,2203005 Travelling and Conveyance - Staff,50000
333,202201 Bridges and Flyovers,2208051 Miscellaneous expenses,200000
334,202201 Bridges and Flyovers,2208511 Expenses on General Survey,500000
335,202201 Bridges and Flyovers,2305005 Maint of Bridges & Flyovers,10000000
336,202201 Bridges and Flyovers,2305095 Maint. Of Overbridge/Fly Crossing,10000000
337,202201 Bridges and Flyovers,"4103004 Const. of Bridges, Flyovers, Sub-Way Etc.",100000000
338,202201 Bridges and Flyovers,4103025 Dev.of Suspen Bridge from Shantipath to Rambagh Shamshan Ghat,100000
339,202201 Bridges and Flyovers,4103052 Construction of Bridges,150000000
340,202201 Bridges and Flyovers,4103054 Const. of Railway overbridge and Road,10000000
341,202201 Bridges and Flyovers,4103055 Const of Other Bridge,140000000
342,202201 Bridges and Flyovers,4103068 I.M.C. Contribution For Bridges,50000000
343,202201 Bridges and Flyovers,4108022 Chief Minister Infrastructure Development Expenditure (Bridge â€“ Culvert Development & Other Work),230000000
344,202701 Public Works,2101001 Salaries & Allowances,130000000
345,202701 Public Works,2201001 Rent - Office building,100000
346,202701 Public Works,2201105 Maint. of Stadium,10000000
347,202701 Public Works,2201221 Postage/Courier expenses,50000
348,202701 Public Works,2201240 Computerization Expenses (e-Governance),300000
349,202701 Public Works,2202101 Printing expenses,500000
350,202701 Public Works,2203005 Travelling and Conveyance - Staff,100000
351,202701 Public Works,2205105 Court Fee Stamps,100000
352,202701 Public Works,2206021 Exhibition expenses,300000
353,202701 Public Works,2206041 Workshop and Seminars,200000
354,202701 Public Works,2208051 Miscellaneous expenses,2000000
355,202701 Public Works,2208062 Expense on Purchase of Photo & other contngencies,300000
356,202701 Public Works,2208509 Measurement & Map Preparation,100000
357,202701 Public Works,2208510 Expenses on Scanning of Maps,100000
358,202701 Public Works,2208512 Expenses on Zonal Master Plan,1000
359,202701 Public Works,2208532 Expenses on Rehabilitation Expenses,2500000
360,202701 Public Works,2208533 Expenses on Colony Development,20000000
361,202701 Public Works,2208534 Expenses for Lifting of Garbage,8500000
362,202701 Public Works,2303099 Maint. of Road Civil works,150000000
363,202701 Public Works,2305002 Maint of Concrete Roads,100000000
364,202701 Public Works,2305004 Maint. of Roads in Safai Kamgar Colonies,10000000
365,202701 Public Works,2305010 Exp. of Trenches - other Deptt.,2500000
366,202701 Public Works,2305013 Drains for Rain & Storm Water,8500000
367,202701 Public Works,2305029 Maint. Of Concrete Roads (Zone Head),17000000
368,202701 Public Works,2305039 Maintenance of Zonal offices,10000000
369,202701 Public Works,2305040 Repair and Maintenance of Slaughter Houses,100000
370,202701 Public Works,2305103 Maint. of Playgrounds & Stadium,25000000
371,202701 Public Works,2305107 Maint. of Burning Ghats/Crematoriums,2500000
372,202701 Public Works,2305108 Maint. of Burial Grounds,1500000
373,202701 Public Works,2305133 Gwala Colonay Project and Maint.,5000000
374,202701 Public Works,2305201 Maint. of Office Buildings,10000000
375,202701 Public Works,2305205 Maint. of School Buildings,40000000
376,202701 Public Works,2305208 Other Civil Structures/ ISO Award,10000000
377,202701 Public Works,2305210 Maint. of Kondwada,2500000
378,202701 Public Works,2305216 Maint. of School Buildings (Zone Head),25500000
379,202701 Public Works,2305909 Maintenance of Damaged Chambers / Canal lining of Roads,1000
380,202701 Public Works,2305912 Atal Games Prisr (Operating and maintenance expenditure for 78,100000
381,202701 Public Works,2602002 Indore Development Authority,100000
382,202701 Public Works,2602003 Administrative Reforms,10000
383,202701 Public Works,4101037 Development expenditure in the border region,171000000
384,202701 Public Works,4101038 Core Area Development,50000000
385,202701 Public Works,4101039 Dev. of Dhshara Ground,50000000
386,202701 Public Works,4101041 Expenditure on the playing field to be developed in different fields,30000000
387,202701 Public Works,4101043 Development Expenditure on Infrastructure and Outer Area of Nehru Stadium,25000000
388,202701 Public Works,4101045 City park / development expenses (scheme no 94),10000000
389,202701 Public Works,4101094 Const of Boundry Wall at public Places,30000000
390,202701 Public Works,4101099 Dev. Of Vacant Land,30000000
391,202701 Public Works,4102001 Expansion of nigam Office Buildings,50000000
392,202701 Public Works,4102005 Constrn. & Expansion of School Building,250000000
393,202701 Public Works,4102006 Constrn. of Staff Quarters,2500000
394,202701 Public Works,4102011 Const./ Development of Burning Ghats/Crematoriums,100000000
395,202701 Public Works,4102012 Const./ Development of Burial Grounds,30000000
396,202701 Public Works,4102015 Const. of Toilets in Govt Girls Schools,10000000
397,202701 Public Works,4102025 Public Statues,5000000
398,202701 Public Works,4102038 Exp for Rajeev Aawas yojna,50000000
399,202701 Public Works,4102041 Dev. Of International E-Lieberary,25000000
400,202701 Public Works,4102045 Sh s transient / Snaskritik activities of the new building for the community hall (Saket),10000000
401,202701 Public Works,4102046 Other areas have Community Building New construction / development expenditure,20000000
402,202701 Public Works,4102049 Ashray Nidhi Grant Exp,5000000
403,202701 Public Works,4102050 Construction of New Goshala Exp.,20000000
404,202701 Public Works,4102052 Fire Fighting Station Establishment Expenditure,10000000
405,202701 Public Works,4102078 Const. of Computer Room in Nagar Nigam,100000
406,202701 Public Works,4102099 Const. Zonal and Ward offices,30000000
407,202701 Public Works,4103001 Zonal Cement Concrete Roads,380000000
408,202701 Public Works,4103002 Exp. on Mayor at Door Program,150000000
409,202701 Public Works,4103015 Exp for Art gallery (Central),500000
410,202701 Public Works,4103016 Scheme for Urban women Employment/ Exhibition Program,1000000
411,202701 Public Works,4103017 Construction of Road At Devdharam / Pitraparwat,5000000
412,202701 Public Works,4103019 Zonel Cement Concrete Roads (Zone Head),38000000
413,202701 Public Works,4103020 Dev. Works Expenditure On Sinhasth,100000
414,202701 Public Works,4103034 Const. of Road(Jansahyog) IMC Contribution,330000000
415,202701 Public Works,4103035 Const. of Road(Jansahyog) Public Contribution,60000000
416,202701 Public Works,4103036 Const. Roads in Safai Kamgar/Urban poor colony,280000000
417,202701 Public Works,4103038 Const. of Road work at Zone(parshad),405906666
418,202701 Public Works,4103039 Const. of Road work at Zone(Mayor),50654000
419,202701 Public Works,4103067 Development of Ring Road,55000000
420,202701 Public Works,4103093 Renovation of Akhada,30000000
421,202701 Public Works,4103094 Ravindra Natya development / expenditure for other functions,10000
422,202701 Public Works,4103096 City Road - Metal,40000000
423,202701 Public Works,4103097 City Road - Cement concrete,290000000
424,202701 Public Works,4103098 Acquisition of Land and Building Due to Road Widening,10000000
425,202701 Public Works,4103099 City Road - Butuman,300000000
426,202701 Public Works,4103102 Const. of Water Storm Drain of Zonal Roads Except Bond Road,150000000
427,202701 Public Works,4104042 Purchase of Equip.for atikraman Removal of Encroachment,5000000
428,202701 Public Works,4106002 Purchase of Computers/Peripherals,2000000
429,202701 Public Works,4106011 Purchase of Office Equipment,1000000
430,202701 Public Works,4108001 Nandanagar Infrastructure Dev.,100000
431,202701 Public Works,4108002 Beautification and other Civic works on pitra parwat and Bijasan Tekari,5000000
432,202701 Public Works,4108003 Exp on Development of Harsidhi/Chhatribagh/Gangaurghat,2500000
433,202701 Public Works,4108007 Development of Atal Sports Complex,30000000
434,202701 Public Works,4108013 Development on nahar bhandara Lake,10000000
435,202701 Public Works,4108036 Ward ideal infrastructure and utility functions for different sectors Expenditure,80000000
436,202701 Public Works,4108052 Exp. on Development of ST/SC Area,300000000
437,202701 Public Works,4108057 Cons. Of Entry Door,20000000
438,202701 Public Works,4108072 Building Permission automation,5000000
439,202701 Public Works,4108080 Dev. of IDA Calony,10000000
440,202701 Public Works,4108087 Project Monitoring/ Consulting/ Skupervision Charges,10000000
441,202701 Public Works,4122090 Exp. form State Education Center,10000000
442,202701 Public Works,4122091 Expenses from MLA Fund,5000000
443,202701 Public Works,4122099 Expenses From Member of Parliament Fund,5000000
444,202701 Public Works,4123005 Construction of Administrative Building of Municipal Corporation ( I Phase),5000000
445,202701 Public Works,4123007 Construction of yaswant Sagar Cow Shed,25000000
446,202701 Public Works,4123008 Residential Building of Employee,100000
447,202701 Public Works,4123009 Construction of Night Shelter,5000000
448,202701 Public Works,4123010 Construction of Community Hall in Colonies,25000000
449,202701 Public Works,4123016 Construction of Community Hall ( Safai karmchari / Slum Areas),15000000
450,202701 Public Works,4123017 Construction of New Vegetable Market,5000000
451,303101 Public Health Department,2101001 Salaries & Allowances,570000000
452,303101 Public Health Department,2101021 Wages (Muster Workers),300000000
453,303101 Public Health Department,2101022 Seasonal and Urgent Works,150000000
454,303101 Public Health Department,2201221 Postage/Courier expenses,1000
455,303101 Public Health Department,2202101 Printing expenses,200000
456,303101 Public Health Department,2203005 Travelling and Conveyance - Staff,100000
457,303101 Public Health Department,2204002 Exp. for Vehicle Insurance,100000
458,303101 Public Health Department,2205224 Expenditure on Computerization of Records,2000000
459,303101 Public Health Department,2206041 Workshop and Seminars,1000000
460,303101 Public Health Department,2208051 Miscellaneous expenses,300000
461,303101 Public Health Department,2208507 Survey for Health Work,500000
462,303101 Public Health Department,2208530 Expenses for Clearing Grass/Weeds,950000
463,303101 Public Health Department,2208536 Prevention of Deseases,1000000
464,303101 Public Health Department,2208543 Expenses on Health Camps,800000
465,303101 Public Health Department,2208548 Health Campus at Backward Areas,3800000
466,303101 Public Health Department,2208549 Exp. on Education of Safai Kamgar Children,5000000
467,303101 Public Health Department,2208551 Milk at Jhoola Ghar for Children of Safai kamgar,200000
468,303101 Public Health Department,2303050 Exp. On Kachra Peti,20000000
469,303101 Public Health Department,2303053 Swanon binding and vaccination of stray and other expenses,20000000
470,303101 Public Health Department,2305913 Shwanoen (dog) citizens by cutting expenditure on disease,100000
471,303101 Public Health Department,2501003 Dr. Shyama Prasad Mukherjee Accidental Insurance Scheme (For Citizens of Indore),3000000
472,303101 Public Health Department,2501005 Participation in National Health Program,5000000
473,303101 Public Health Department,2501009 Expenses on Working of Shri Kushabhau Thackrey Health Centre,1000000
474,303101 Public Health Department,2601003 Grant & Subsidy to AICTSL for BRTS,2500000
475,303101 Public Health Department,4102018 Const. of Meat Selling Shop,5000000
476,303101 Public Health Department,4102035 Construction of Attendance Centres at Wards,20000000
477,303101 Public Health Department,4102079 Expenditure on Construction of Modern Slater House,100000
478,303101 Public Health Department,4106002 Purchase of Computers/Peripherals,500000
479,303102 Public Health Department,2208553 Removal of Pigs,1500000
480,303102 Public Health Department,2303097 Insecticides for Mosquitos,20000000
481,404101 Solid Waste Management,2308024 Expenditure on Disposal / other of plastic/plastic liner,10000000
482,404101 Solid Waste Management,4101002 Land Development Cost(Treching ground),20000000
483,404101 Solid Waste Management,4101006 Landfill Site (Trenching Ground),10000000
484,404101 Solid Waste Management,4101092 Const. of Temp. Trenching Ground(Waste Transfer Station),20000000
485,404101 Solid Waste Management,4102008 Construction of Pig-Houses,1500000
486,404101 Solid Waste Management,4104003 Cleaning Equipments,10000000
487,404101 Solid Waste Management,4108021 Purchase of Dumpsters,60000000
488,404102 Landfill Sites Management,2208055 Expenditure on Various N.G.O./Institution Working in Areas of City For Door to Door Collection of Waste Scheme,50000000
489,404102 Landfill Sites Management,2208056 Expenditure on Bioremediction Process of MSW at Trenching Ground,100000000
490,404102 Landfill Sites Management,2208057 Expenditure on Disposal of Waste from Construction & Demolition in City,30000000
491,404102 Landfill Sites Management,2208521 Expenses for Weighing of Garbage,2000000
492,404102 Landfill Sites Management,2208541 Expenses for Removing of Dead Bodies,100000
493,404102 Landfill Sites Management,2208550 Exp. on Sanitary Traning to Safai kamgar,1000000
494,404102 Landfill Sites Management,2208552 Mobile Van Magistrate Exp.,600000
495,404102 Landfill Sites Management,2303051 Cleaning Material,20000000
496,404102 Landfill Sites Management,2305051 Garbage Collection Points,9500000
497,404102 Landfill Sites Management,2305053 Wheel Barrows (Hath Gadi),1000000
498,404102 Landfill Sites Management,2308034 Door to Door Waste Collection (Scheme) Expenses,20000000
499,404102 Landfill Sites Management,4104023 Bio-Gas Plant / Energy Plant / Vermi Culture Plant - Construct,20000000
500,404102 Landfill Sites Management,4104033 Expenditure of Establishment of Biomethanation Plant,40000000
501,404102 Landfill Sites Management,4105010 Wheel Barrows,2000000
502,404102 Landfill Sites Management,4108028 Construction Of Platforms for Kachra Peti (Waste Collection Pot),10000000
503,404103 Street Watering & Cleaning,2201004 Rent - Slaughter House,200000
504,404103 Street Watering & Cleaning,2303095 Water Purification Bleaching Powder,3000000
505,404103 Street Watering & Cleaning,2503004 Expenditure on residents Sandho award for cleaning up,500000
506,505102 Narmada Division 1,2201121 Security Arrangement Exp,6000000
507,505102 Narmada Division 1,2201221 Postage/Courier expenses,15000
508,505102 Narmada Division 1,2202101 Printing expenses,400000
509,505102 Narmada Division 1,2206102 Fee For Renewal of Narmada Sch. Pumping Station,400000
510,505102 Narmada Division 1,2208051 Miscellaneous expenses,500000
511,505102 Narmada Division 1,2301001 Electricity Exp Narmada Connection/Water Works,1470000000
512,505102 Narmada Division 1,2302003 Water Meter Maintenance,1500000
513,505102 Narmada Division 1,2302004 Intake Well - Capacity 900 mld maintenance,20000000
514,505102 Narmada Division 1,2302005 Water Treatment Plant - Capacity363 mld,15000000
515,505102 Narmada Division 1,2305001 Land Boundaries & Fences,20000000
516,505102 Narmada Division 1,2305033 Maint of Transformer,2000000
517,505102 Narmada Division 1,2305046 Maint of B.P.Tank,1500000
518,505102 Narmada Division 1,2305047 Maint. of Roads,20000000
519,505102 Narmada Division 1,2305048 Maint. of Intactwell,5000000
520,505102 Narmada Division 1,2305089 Purchase of Valve,2500000
521,505102 Narmada Division 1,2305112 Maint. Of Plant and Machinery Intakewell,8000000
522,505102 Narmada Division 1,2305116 Maint. of Plant & Machinery of Pumphouse No. 5,15000000
523,505102 Narmada Division 1,2305117 Maint of Electrical Equipment,2500000
524,505102 Narmada Division 1,2305118 Maint of Spare Parts,2000000
525,505102 Narmada Division 1,2305119 Maint of Pipeline of Pumphouse No.1,2000000
526,505102 Narmada Division 1,2305120 Maint. of Intakewell Bridge and Pumphouse,1000000
527,505102 Narmada Division 1,2305122 Maint. of Retaining Wall,2500000
528,505102 Narmada Division 1,2305123 Maint. of Clear Water Pump,40000000
529,505102 Narmada Division 1,2305124 Maint of Panels and Cables,3000000
530,505102 Narmada Division 1,2305125 Maint. of Pipeline B.P. Tank,1500000
531,505102 Narmada Division 1,2305126 Spares for Raw Water Pump,25000000
532,505102 Narmada Division 1,2305127 Spares For Clear Water Pump,15000000
533,505102 Narmada Division 1,2305128 Tools for T & P Machinery,300000
534,505102 Narmada Division 1,2305129 Purchase of Battries,1500000
535,505102 Narmada Division 1,2305135 Purchase of Capacitor,2000000
536,505102 Narmada Division 1,2305136 Vehicle Rent,300000
537,505102 Narmada Division 1,2305137 Tender Publishing Exp,1000000
538,505102 Narmada Division 1,2305140 Maint of Water Purification Plant,10000000
539,505102 Narmada Division 1,2305169 Maintanence expenditure of Pipeline Intekwell to B.P. tank expenditure,8000000
540,505102 Narmada Division 1,2305209 Employees' Quarters,4000000
541,505102 Narmada Division 1,2305215 Maint.Of Building,2500000
542,505102 Narmada Division 1,2305301 Maint of Vehicles (Motor Car),4000000
543,505102 Narmada Division 1,2305512 Laboratory Equipment,1500000
544,505102 Narmada Division 1,2305604 132 KV Sub-Stations,25000000
545,505102 Narmada Division 1,2305605 Clear Water Pumping Station - 3 Nos. & Elect. Sub- Stations,15000000
546,505102 Narmada Division 1,2305905 Fire Fighting Equipments,300000
547,505102 Narmada Division 1,2305907 Maint Of Telephone and Wireless,500000
548,505102 Narmada Division 1,2305908 Spare Parts and Consumables,3000000
549,505102 Narmada Division 1,2308009 Other Maintenance Exp.,16000000
550,505102 Narmada Division 1,4102006 Constrn. of Staff Quarters,50000000
551,505102 Narmada Division 1,4103293 Pipeline Expenditure for old Intekwell to New Intekwell Connectivity,100000000
552,505102 Narmada Division 1,4104022 High Voltage Electric Motor Purchase Exp.,20000000
553,505102 Narmada Division 1,4106002 Purchase of Computers/Peripherals,500000
554,505102 Narmada Division 1,4106008 Purchase of Fire Fighting Equipments,100000
555,505102 Narmada Division 1,4106014 Purchase of Transformer,3500000
556,505102 Narmada Division 1,4106015 Purchase of Electrical Motors,500000
557,505102 Narmada Division 1,4106016 Purchase of Onload Tape Changer,100000
558,505102 Narmada Division 1,4106017 Purchase of Voltage Protection System,200000
559,505103 Narmada Division 2,2101024 Payment to temporary labour on high level tanks,57500000
560,505103 Narmada Division 2,2201101 Electricity Charges - Office,6000000
561,505103 Narmada Division 2,2201106 Office Expenditure of Circle Office,500000
562,505103 Narmada Division 2,2201201 Telephone expenses,1000000
563,505103 Narmada Division 2,2201221 Postage/Courier expenses,25000
564,505103 Narmada Division 2,2202101 Printing expenses,500000
565,505103 Narmada Division 2,2202102 Stationery,300000
566,505103 Narmada Division 2,2203005 Travelling and Conveyance - Staff,200000
567,505103 Narmada Division 2,2205222 Plan of water supply lines Suddhdikrn DPR Expenditure on R to,50000000
568,505103 Narmada Division 2,2206002 Tenders Advertisement Expenses,1500000
569,505103 Narmada Division 2,2206041 Workshop and Seminars,1000000
570,505103 Narmada Division 2,2208051 Miscellaneous expenses,500000
571,505103 Narmada Division 2,2208511 Expenses on General Survey,100000
572,505103 Narmada Division 2,2208522 Expenses on Water Meters,10000000
573,505103 Narmada Division 2,2302007 Purchase of Valves and Maintenanes,30000000
574,505103 Narmada Division 2,2302008 Special repairing work at water tank,10000000
575,505103 Narmada Division 2,2303008 Stores & Spares for Water Distribution,15000000
576,505103 Narmada Division 2,2304001 Hire Charges of Light Vehicles,500000
577,505103 Narmada Division 2,2305009 Culverts/Small Bridges,2000000
578,505103 Narmada Division 2,2305016 Maint. of City Distribution Pipeline,50000000
579,505103 Narmada Division 2,2305017 Maint. of Main Trunk Pipeline,50000000
580,505103 Narmada Division 2,2305018 Maint. of Main Trunk,20000000
581,505103 Narmada Division 2,2305019 Purchase Of Electrical Equipments,500000
582,505103 Narmada Division 2,2305020 Change of Old Pipeline,500000000
583,505103 Narmada Division 2,2305024 Water Reservoirs (Overhead Tanks),100000000
584,505103 Narmada Division 2,2305033 Maint of Transformer,1000000
585,505103 Narmada Division 2,2305035 Electric Sub-Station,1000000
586,505103 Narmada Division 2,2305046 Maint of B.P.Tank,2000000
587,505103 Narmada Division 2,2305047 Maint. of Roads,500000
588,505103 Narmada Division 2,2305159 Expenditure on Survey and Drawing of Water Distribution Lines,100000
589,505103 Narmada Division 2,2305167 Main Gravity Line (Handover by ADB Project) Maintenace Expenses,100000
590,505103 Narmada Division 2,2305168 Water Tank (Handover by ADB Project) Maintenace Expenses,100000
591,505103 Narmada Division 2,2305209 Employees' Quarters,20000000
592,505103 Narmada Division 2,2305211 Maint of Office Building,5000000
593,505103 Narmada Division 2,2305212 Maint of Store Building,2500000
594,505103 Narmada Division 2,2305213 Maint of Guest House,3000000
595,505103 Narmada Division 2,2305214 Maint of Rao Sumpwell,2000000
596,505103 Narmada Division 2,2305301 Maint of Vehicles (Motor Car),2000000
597,505103 Narmada Division 2,2305401 Maint. of Furniture /Fixtures,500000
598,505103 Narmada Division 2,2305512 Laboratory Equipment,2000000
599,505103 Narmada Division 2,2305905 Fire Fighting Equipments,200000
600,505103 Narmada Division 2,2305906 Maint. of Office Equipment,500000
601,505103 Narmada Division 2,2305907 Maint Of Telephone and Wireless,1000000
602,505103 Narmada Division 2,2305908 Spare Parts and Consumables,500000
603,505103 Narmada Division 2,2308013 Chemicals and other Goods,1500000
604,505103 Narmada Division 2,2308014 Emergency Repairs,2500000
605,505103 Narmada Division 2,4101049 Expenditure on Infrastructure Development for Water Supply From Sirpur Pond,100000000
606,505103 Narmada Division 2,4102055 New Office Building,5000000
607,505103 Narmada Division 2,4103041 Construction of Road to Old W.T.P.( Small Khargone),120000000
608,505103 Narmada Division 2,4103204 Water Reservoirs (Overhead),5000000
609,505103 Narmada Division 2,4103205 New Water Pipe Lines,1000000000
610,505103 Narmada Division 2,4103223 New Overhead Tank - Bada Ganpati,1000000
611,505103 Narmada Division 2,4103224 New Overhead Tank - Nanda nagar/ Pipe line Exp.,1000000
612,505103 Narmada Division 2,4103225 New Overhead Tank - Chandan Nagar,2000000
613,505103 Narmada Division 2,4103226 New Overhead Tank - Khajrana and other Part -2,5000000
614,505103 Narmada Division 2,4103227 New Overhead Tank & Other works - Khatiwala Tank,500000
615,505103 Narmada Division 2,4103228 New Overhead Tank - Other Work Sch. No. 54/74,10000000
616,505103 Narmada Division 2,4103229 New Overhead Tank - Chhatribagh,500000
617,505103 Narmada Division 2,4103231 Renovation of Damage Pipe Line,5000000
618,505103 Narmada Division 2,4103232 Management of Bilawali Filter Plant,20000000
619,505103 Narmada Division 2,4103233 Operation and Maintanance of 12 M.L.D. STP & MPS Allied Works at Kabit Khedi,10000000
620,505103 Narmada Division 2,4103255 Extension of Pipe line for water in Scheme no 74,10000000
621,505103 Narmada Division 2,"4103256 New Overhead Tank - Other Work Sch. No. 78 Nr Rikshaw Stand, Vijay Nagar for 3000 KL",30000000
622,505103 Narmada Division 2,4103289 Laying of pipeline at Rajiv aawas yojana 114,58000000
623,505103 Narmada Division 2,4103290 Construction New water tanki narmada in janta Quarter,55000000
624,505103 Narmada Division 2,4103291 Pipe Line Expenditure of Water Tank (Handover by ADB Project),100000000
625,505103 Narmada Division 2,4103292 Laying of water pipe line of Railway station,100000
626,505103 Narmada Division 2,"4103294 Pipe Line Expenditure on Water Tank of Chhatri Bagh, Juni Indore Railway Crossing, Schement No.54/74, Chandan Nagar, Palhar Nagar and Khajrana.",12500000
627,505103 Narmada Division 2,4103297 Sump Well Construction at Azad Nagar & Sadar Bazar Area,1000000
628,505103 Narmada Division 2,4103299 Renovation Expenses of Old of First and Second Phase,1000000000
629,505103 Narmada Division 2,4104015 Supply and Installation of Elctro Magnetic and bulk Meter,20000000
630,505103 Narmada Division 2,4104025 Interconnection Work in New & Old Feeder Main,20000000
631,505103 Narmada Division 2,4104026 Distribution of Water from overhead Water Tank,100000
632,505103 Narmada Division 2,4104029 Establishment of Valve & SCADA System Exp on all Water Tank for Flow Cum Pressure Regulating,50000000
633,505103 Narmada Division 2,4104043 Operation and Maint. of 78 Mld STP & MPS & Allied Works at kabir khedi,50000000
634,505103 Narmada Division 2,4106002 Purchase of Computers/Peripherals,2500000
635,505103 Narmada Division 2,4106008 Purchase of Fire Fighting Equipments,500000
636,505103 Narmada Division 2,4106011 Purchase of Office Equipment,1000000
637,505103 Narmada Division 2,4107001 Purchase of Furniture,2000000
638,505103 Narmada Division 2,4108017 Kjrana Ganesh Temple expenditure for line pipe,3100000
639,505103 Narmada Division 2,4108018 Expenses from various departments,1000000
640,505103 Narmada Division 2,4108019 Peacock in Bay City and potters tank manufacturing expenses,25000000
641,505103 Narmada Division 2,4108030 Hrsiddhi tank construction,42000000
642,505103 Narmada Division 2,4108031 Naita Mundla drinking water tank manufacturing expenses,50000000
643,505103 Narmada Division 2,4108080 Dev. of IDA Calony,100000
644,505104 Water Supply,2101001 Salaries & Allowances,84700000
645,505104 Water Supply,2101021 Wages (Muster Workers),35000000
646,505104 Water Supply,2202101 Printing expenses,200000
647,505104 Water Supply,2203005 Travelling and Conveyance - Staff,200000
648,505104 Water Supply,2206041 Workshop and Seminars,200000
649,505104 Water Supply,2208051 Miscellaneous expenses,600000
650,505104 Water Supply,2302002 Emergency Water Supply,12000000
651,505104 Water Supply,2304006 Hire Charges of Water Tankers,50000000
652,505104 Water Supply,2305021 Water ways (Distribution Pipes),15000000
653,505104 Water Supply,2305023 Rain Water Harvesting (Water Recharging),300000
654,505104 Water Supply,2305024 Water Reservoirs (Overhead Tanks),3000000
655,505104 Water Supply,2305028 Maintenance of Service Road at yashwant sagar Pipe line,1500000
656,505104 Water Supply,2305033 Maint of Transformer,1000000
657,505104 Water Supply,2305042 Maint of Impelor,600000
658,505104 Water Supply,2305044 Grant from State Government for Water Problem Exp.,30000000
659,505104 Water Supply,2305045 Water Ways (Distribution Pipes) Zone Head,34000000
660,505104 Water Supply,2305087 Publicity for Water Recharging,2000000
661,505104 Water Supply,2305089 Purchase of Valve,8500000
662,505104 Water Supply,2305091 Jal Abhishek and other place Water Recharging Exp,60000000
663,505104 Water Supply,2305093 Maint. of Typewriter / Photocopy Machine,500000
664,505104 Water Supply,2305097 Water Recharging Exp - Gardens,2000000
665,505104 Water Supply,2305098 Water Recharging Exp. Corp. Buildings,2000000
666,505104 Water Supply,2305102 Lakes & Ponds,3000000
667,505104 Water Supply,2305310 Maint. of Boats at Crossing,200000
668,505104 Water Supply,2305603 Exp. On Electric operation on Dam,1200000
669,505104 Water Supply,"2305904 Maintenance of Pumping at 27"" Gravitation",3000000
670,505104 Water Supply,2305905 Fire Fighting Equipments,300000
671,505104 Water Supply,2305910 Maintenance of Rau â€“ Bilawali channel/ Canal lining,500000
672,505104 Water Supply,2305914 Vekalpik Water Survey and other expenses,10000000
673,505104 Water Supply,2305960 Water Recharging Place Maintenance Exp.,5000000
674,505104 Water Supply,2308011 Chemicals - Chlorine,3000000
675,505104 Water Supply,2308012 Camicals - Bleaching & Others,500000
676,505104 Water Supply,2308025 River cleaning / silt / expenditure for other functions,60000000
677,505104 Water Supply,2308035 Total Sanitation (Seniteshn) expenditures,10000000
678,505104 Water Supply,2308036 Environmental Changes Safety Exp.,5000000
679,505104 Water Supply,2308098 Chemical - Alum,3000000
680,505104 Water Supply,2502024 Exhibition & Social Works,1000000
681,505104 Water Supply,2718094 Rent of Railway pipe line(w),100000
682,505104 Water Supply,4101003 Boundary Walls,2500000
683,505104 Water Supply,4101050 Expenditure on Infrastructure Development of Various Ponds for Bird Watching,100000000
684,505104 Water Supply,4102033 Construction of Employee quarters At yashwant sagar Dam,2500000
685,505104 Water Supply,4103020 Dev. Works Expenditure On Sinhasth,20000000
686,505104 Water Supply,4103205 New Water Pipe Lines,40000000
687,505104 Water Supply,4103210 Exp. On Water Supply Pipe line and Maintenance Work at zone (parshad fund),412264710
688,505104 Water Supply,4103211 Exp on Water supply pipe line and Maintenance work at zone (Mayor Fund),85000000
689,505104 Water Supply,4103212 New Water Pipe line (Slum Area),50000000
690,505104 Water Supply,4103214 Laying of Pipe line (Jan sahayog) Public Contri.,20000000
691,505104 Water Supply,4103215 Machinery for Recovery of Water Tax,100000
692,505104 Water Supply,4103217 Enhancement of Water Storage Capacity (VABCOS),500000
693,505104 Water Supply,4103253 Deepening of Water Ponds,50000000
694,505104 Water Supply,"4103280 Renovation of Khajrana, Bilawali and Limbodi Tank",100000000
695,505104 Water Supply,4106011 Purchase of Office Equipment,500000
696,505104 Water Supply,4107010 Exp for Installation GPS System on Water Tanker,2000000
697,505104 Water Supply,4108005 Beautification of querry at annapurna,12500000
698,505104 Water Supply,4108009 Beautification and other Civic Works on yashwant sagar Dam,5000000
699,505104 Water Supply,4108011 Construction of boundary wall & Rest house at yaswant sagar dam,10000000
700,505104 Water Supply,4122091 Expenses from MLA Fund,5000000
701,505104 Water Supply,4122099 Expenses From Member of Parliament Fund,5000000
702,505105 Tubewell,2101001 Salaries & Allowances,36300000
703,505105 Tubewell,2202101 Printing expenses,100000
704,505105 Tubewell,2203005 Travelling and Conveyance - Staff,50000
705,505105 Tubewell,2208051 Miscellaneous expenses,500000
706,505105 Tubewell,2208511 Expenses on General Survey,200000
707,505105 Tubewell,2301011 Electricity Expenses for Tube Well,200000000
708,505105 Tubewell,2303012 Stores for Public Lighting,5000000
709,505105 Tubewell,2303016 Clorinator Purchases Expenditure,5000000
710,505105 Tubewell,2305022 Borewell/Open wells,49895000
711,505105 Tubewell,2305027 Tubewells and Handpumps,5000000
712,505105 Tubewell,2305043 Fire Hydrants,7500000
713,505105 Tubewell,"2305054 Maint. of Tubewell, Handpump and Sumpwell",60000000
714,505105 Tubewell,2305055 Cleaning of Wells,5000000
715,505105 Tubewell,2305059 Conducting of Survey of Pvt. Tubewell,100000
716,505105 Tubewell,2305060 Maint. of Handpump,500000
717,505105 Tubewell,2305066 Purchase of Capacitor For Tubewell,5000000
718,505105 Tubewell,2305166 Tubewell Water Quality Monitoring Expenditure,5000000
719,505105 Tubewell,2305401 Maint. of Furniture /Fixtures,500000
720,505105 Tubewell,4103203 Tube Wells,50000000
721,505105 Tubewell,4103219 Purchase Of G.I. Pipe For New Tubewell,5000000
722,505105 Tubewell,4103220 Purchase Of Pumpset For Jansahyog Tubewell,2500000
723,505105 Tubewell,4103221 New Tubewells & Machines (Slum Area),5000000
724,505105 Tubewell,4103222 Additional Source of New Hydrade,5000000
725,505105 Tubewell,4103281 Renovation of Old Bavdiya,15000000
726,505105 Tubewell,4103288 The combination of the electric power expenditure on new tubewells,20000000
727,505105 Tubewell,4104032 Slum / poor / slum boring expenditure for holding the motor pump set,10000000
728,505105 Tubewell,4106011 Purchase of Office Equipment,500000
729,505105 Tubewell,4106012 Purchase of Pumpset,100000
730,505105 Tubewell,4107001 Purchase of Furniture,200000
731,505105 Tubewell,4107008 Purchase of Sintex water tank (Tube well Department ),2500000
732,505105 Tubewell,4107009 Annual Exp for Maintenance of tube well,500000
733,505105 Tubewell,4108033 Received a Grant From The State Government Expenditure (M.P.C.D.M.A.A.),58300000
734,505105 Tubewell,4122091 Expenses from MLA Fund,5000000
735,505105 Tubewell,4122099 Expenses From Member of Parliament Fund,2500000
736,505106 yashvant sagar pumping,2101001 Salaries & Allowances,33275000
737,505106 yashvant sagar pumping,2201221 Postage/Courier expenses,10000
738,505106 yashvant sagar pumping,2203005 Travelling and Conveyance - Staff,100000
739,505106 yashvant sagar pumping,2205107 License Fees/Renewal of Licenses,50000
740,505106 yashvant sagar pumping,2205108 Fee For Renewal of License of Devdharam Filter Plant,50000
741,505106 yashvant sagar pumping,2208008 Exp. On Security Guards at Devdharam Pumping Station,2500000
742,505106 yashvant sagar pumping,2208051 Miscellaneous expenses,500000
743,505106 yashvant sagar pumping,2301015 Electricity Expenses - MPSEB - Yashwant Sagar Devdharam,40000000
744,505106 yashvant sagar pumping,2305078 Purchase of Impelor,1500000
745,505106 yashvant sagar pumping,2305079 Constration Work at Yeshwant Sagar/ other work expenses,25000000
746,505106 yashvant sagar pumping,2305080 work at Devdharam Filter Plant,15000000
747,505106 yashvant sagar pumping,2305082 Maint. Of Pumpinig at Yashwant Sagar,2500000
748,505106 yashvant sagar pumping,2305083 Exp. at Devdharam Filter Plant,2500000
749,505106 yashvant sagar pumping,2305084 Maint Of Machinery at Devdharam,800000
750,505106 yashvant sagar pumping,2305085 Maint.of Machine Fulkalaria,500000
751,505106 yashvant sagar pumping,2305175 Maint. of Bilawali and Limodi Takab,10000000
752,505106 yashvant sagar pumping,2601004 compensation To Rehebited Of Yashwant Sagar,15000000
753,505106 yashvant sagar pumping,4102097 Purchase of Naav At Devdharam,200000
754,505106 yashvant sagar pumping,4103018 Constriction Bridge at Calmer Ghat,15000000
755,505106 yashvant sagar pumping,4103216 Gradation of RAO/Bilawli Channel,30000000
756,505106 yashvant sagar pumping,4103218 Construction on Sirpur Talab,100000000
757,505106 yashvant sagar pumping,4103317 Installation of Transformer at Yashwant Sagar,3500000
758,505106 yashvant sagar pumping,4103318 Electric Arrangement at Yashwant Sagar and Devdharam,2500000
759,505106 yashvant sagar pumping,4106012 Purchase of Pumpset,10000000
760,505201 Drainage Department,2101001 Salaries & Allowances,36300000
761,505201 Drainage Department,2101021 Wages (Muster Workers),20000000
762,505201 Drainage Department,2201221 Postage/Courier expenses,5000
763,505201 Drainage Department,2202101 Printing expenses,200000
764,505201 Drainage Department,2203005 Travelling and Conveyance - Staff,50000
765,505201 Drainage Department,2208023 Supporting Staff & Utilities for Office Work,2000000
766,505201 Drainage Department,2208051 Miscellaneous expenses,500000
767,505201 Drainage Department,2208511 Expenses on General Survey,5000000
768,505201 Drainage Department,2303009 Equipments for Health and Safety in Drainage Works,3000000
769,505201 Drainage Department,2305011 Underground Drains (Sewer Pipes Network),100000000
770,505201 Drainage Department,2305077 White Washing of Urinals,3800000
771,505201 Drainage Department,2305121 Public Toilets,5000000
772,505201 Drainage Department,2305130 Sewer Junction cum Jetting Machine Maintenance Expenses,5000000
773,505201 Drainage Department,2305170 Electricity & Maintainace Exp. At 245 MLD STP,135000000
774,505201 Drainage Department,2305172 Electricity & Maintainace Exp. At 4 MLD ETP,30000000
775,505201 Drainage Department,2305191 Maint.of Chambers,34000000
776,505201 Drainage Department,2305193 Const. of Storm Water Rain,8500000
777,505201 Drainage Department,2305194 Exp. on Covering of Main Holes,8500000
778,505201 Drainage Department,2305195 Exp. on Raising of Main Holes,8500000
779,505201 Drainage Department,2718093 Water Tax to M.P.S. Pollution Control,1000
780,505201 Drainage Department,2718094 Rent of Railway pipe line(w),200000
781,505201 Drainage Department,4102020 Const. Public Toilets,40000000
782,505201 Drainage Department,4102021 New Public Toilets in Slum Area,5000000
783,505201 Drainage Department,4102029 Toilet / complex construction expenditures (CM Urban Sanitation Mission),190000000
784,505201 Drainage Department,4103103 Sewer Pipes,600000000
785,505201 Drainage Department,4103104 Storm Water Gutters,40000000
786,505201 Drainage Department,4103106 New Sewer Line - Slum Areas,100000000
787,505201 Drainage Department,4103107 New Sewer Line - Jan Sahyog,100000000
788,505201 Drainage Department,4103117 Expenditure on the overall development plan of the city'' Drainage,400000000
789,505201 Drainage Department,4103119 Secondary Sewerage Network D.S.C.F.V.M.C. Work,80000000
790,505201 Drainage Department,4103125 Construction of Decentralized S.T.P.,20000000
791,505201 Drainage Department,4106030 Computer & Other IT Hardware Equipment Purchase Expenditures,1000000
792,505201 Drainage Department,4108029 Khan to fall into the river trickling out tapping / A.T.P. Work Expenses (Sihsth),1000000000
793,505201 Drainage Department,4122091 Expenses from MLA Fund,5000000
794,505201 Drainage Department,4122099 Expenses From Member of Parliament Fund,5000000
795,505201 Drainage Department,4123004 Share of IMC (Sulabh Complex),13500000
796,606101 Garden Department,2101001 Salaries & Allowances,72600000
797,606101 Garden Department,2101021 Wages (Muster Workers),100000000
798,606101 Garden Department,2201221 Postage/Courier expenses,10000
799,606101 Garden Department,2202101 Printing expenses,100000
800,606101 Garden Department,2203005 Travelling and Conveyance - Staff,10000
801,606101 Garden Department,2208051 Miscellaneous expenses,200000
802,606101 Garden Department,2208545 Expenses on Plantations on Pitra Parvat,500000
803,606101 Garden Department,2305037 Maintenance of Swimming Pools,1000000
804,606101 Garden Department,2305050 Maint of Quarters,25000
805,606101 Garden Department,"2305101 Parks, Nurseries & Gardens",10000
806,606101 Garden Department,2305104 Swimming Pool Mhow Naka,2000000
807,606101 Garden Department,"2305110 Dev. of Pakshi Vihar/ Bird Sanctuaries, Aquariums",200000
808,606101 Garden Department,2305153 Exp for Maintenance Of garden By R.W.A./Mohalla samiti,2000000
809,606101 Garden Department,2305162 Exp for Pipliya Pala regional Park Maintance,10000000
810,606101 Garden Department,2305163 Mantenanc of gardan( zone ),28500000
811,606101 Garden Department,2305164 Tree Plantation Exp. from Tree Compensation Income,200000
812,606101 Garden Department,2305171 Automatic Camera & Unifor Maintenance Expenses,700000
813,606101 Garden Department,2305178 Maint of Swimming Pool - Nehru Park,2000000
814,606101 Garden Department,2305179 Exp. on Beautification of Sqr (Main),20000000
815,606101 Garden Department,2305180 Maint. of Bijasan Garden,2000000
816,606101 Garden Department,2305181 Maint. of Deen Dayal Garden,200000
817,606101 Garden Department,2305182 Maint. of Sirpur Garden,1000000
818,606101 Garden Department,2305184 Maint. of Nehru park,2500000
819,606101 Garden Department,2305186 Maint. of Meghdoot Garden & Bharatmata Temple Garden,2500000
820,606101 Garden Department,2305189 Maint of Garden & Picnic Spots,100000000
821,606101 Garden Department,2305919 Maintenance of Central Devider & Green Belt at Main Roads,20000000
822,606101 Garden Department,4101005 Dev. of Parks & Gardens,200000000
823,606101 Garden Department,4101008 Swimming Pool,5000000
824,606101 Garden Department,4101009 Dev. Of Pitra Parvat,50000000
825,606101 Garden Department,4101011 Dev. of Bijasan,5000000
826,606101 Garden Department,4101012 Plantation on Govt. Land,15000000
827,606101 Garden Department,4101029 Construction of Entertainment Place Near Sirpur talab (Appu Ghar and Other,10000000
828,606101 Garden Department,4101031 Piplia frost Regional Park development expenditure,30000000
829,606101 Garden Department,4101032 Development of the City Forest and Greenery expenditure on works,50000000
830,606101 Garden Department,4101033 Land Development of Meghdoot Garden (Mangal Meriland),5000000
831,606101 Garden Department,4101035 Regional Park â€“ Laser Show Structure Expenses,1000000
832,606101 Garden Department,4101036 Development of Pipliyahana Talab Exp.,50000000
833,606101 Garden Department,4101040 Dev. Of Laxman Singh Goad Garden,100000000
834,606101 Garden Department,4101044 Construction of Central Divider and Green Belts on Main Roads,100000000
835,606101 Garden Department,"4101046 Develop national bird sanctuary Centre (Piplihana,Saket and Nearby Colony)",2500000
836,606101 Garden Department,4101051 Expenditure on Beantification of Various Places and Plantation in Gardens and Road Side,200000000
837,606101 Garden Department,4103008 Road side Avenue Plantation (Project Green),100000000
838,606101 Garden Department,4104024 Tree Transformation Machinery Purchase Exp./ Hire Charges,10000000
839,606101 Garden Department,4106011 Purchase of Office Equipment,300000
840,606101 Garden Department,4107001 Purchase of Furniture,100000
841,606101 Garden Department,4108015 Kids Zone plan expenditure,5000000
842,606101 Garden Department,4108026 Chief Minister Infrastructure Development Expenditure (Environmental Development & City Forest),1000000
843,606501 Zoo Department,2101001 Salaries & Allowances,24200000
844,606501 Zoo Department,2101011 Expenditure on labor,5500000
845,606501 Zoo Department,2201221 Postage/Courier expenses,10000
846,606501 Zoo Department,2202101 Printing expenses,100000
847,606501 Zoo Department,2203005 Travelling and Conveyance - Staff,200000
848,606501 Zoo Department,2208051 Miscellaneous expenses,100000
849,606501 Zoo Department,2303010 Stores for Zoo/Sanctuaries,6000000
850,606501 Zoo Department,2303011 Stores for Medicine Consumption,500000
851,606501 Zoo Department,2303013 Exp. On Food for Animal,4000000
852,606501 Zoo Department,2303014 Exp. On Green Grass For Animals,500000
853,606501 Zoo Department,2303015 Exp. on Dry Grass For Animal,2000000
854,606501 Zoo Department,2305109 Zoos (including maintenance of cages),4500000
855,606501 Zoo Department,2305138 Training & Education of Zoo Staff,100000
856,606501 Zoo Department,2305139 Maint. of Cages For Animal Security,1000000
857,606501 Zoo Department,2305143 Moveable Cages For Animal,200000
858,606501 Zoo Department,2305144 Exp. on Security Guard Arrangement,5500000
859,606501 Zoo Department,2305145 Maintenance of Fishhome,100000
860,606501 Zoo Department,2305146 Maintenance of Cages and other,1000000
861,606501 Zoo Department,2308015 Fruit and Vegetable Exp for Animals,4400000
862,606501 Zoo Department,2502011 Exp. On Animal Week,500000
863,606501 Zoo Department,4101013 Purchase of New Animal,1000000
864,606501 Zoo Department,4101014 Exp. on Equipment For Vetarny Hospital,500000
865,606501 Zoo Department,4101015 Construction of Elephant Cage,3500000
866,606501 Zoo Department,4101016 Constriction of Wall â€“ B.T.R.S,20000000
867,606501 Zoo Department,4101017 Constriction of Entry Plaza,15000000
868,606501 Zoo Department,4101030 Development of Zoo (IMC Fund),40000000
869,606501 Zoo Department,4102016 Aquariums and Cages at Zoo,9000000
870,606501 Zoo Department,4106011 Purchase of Office Equipment,500000
871,606501 Zoo Department,4123002 Dev. Of Zoo (C.Z A ),1000000
872,707301 Urban Poverty Alleviation,2101001 Salaries & Allowances,15125000
873,707301 Urban Poverty Alleviation,2201221 Postage/Courier expenses,200000
874,707301 Urban Poverty Alleviation,2202101 Printing expenses,2000000
875,707301 Urban Poverty Alleviation,2203005 Travelling and Conveyance - Staff,200000
876,707301 Urban Poverty Alleviation,2208051 Miscellaneous expenses,500000
877,707301 Urban Poverty Alleviation,2305148 Misc. Civil Office Repairs,100000
878,707301 Urban Poverty Alleviation,2305150 Photo copy Exp.,500000
879,707301 Urban Poverty Alleviation,2305915 National Urban Livelihoods Mission Plan Expenditure,250000000
880,707301 Urban Poverty Alleviation,2501004 Pt. Dindayal Senior Citizen Insurance Scheme (For Citizens of Indore),8000000
881,707301 Urban Poverty Alleviation,2501006 Exp. For Opening Balance of Account Post Office of Citizen for National Old Age / Social Security Pension,3000000
882,707301 Urban Poverty Alleviation,2502019 Poverty Rekhadharkon Antyeshti family support,2000000
883,707301 Urban Poverty Alleviation,2503011 Day-Care Centre operating & Maintenance Expenses,2000000
884,707301 Urban Poverty Alleviation,2603002 Entire Social Security Purpose Exp.,2000000
885,707301 Urban Poverty Alleviation,4106002 Purchase of Computers/Peripherals,1000000
886,707301 Urban Poverty Alleviation,4107001 Purchase of Furniture,300000
887,808101 Street Lights Section,2101001 Salaries & Allowances,30250000
888,808101 Street Lights Section,2201221 Postage/Courier expenses,20000
889,808101 Street Lights Section,2202101 Printing expenses,100000
890,808101 Street Lights Section,2203005 Travelling and Conveyance - Staff,50000
891,808101 Street Lights Section,2205021 Energy Auditors,500000
892,808101 Street Lights Section,2205217 Solar Study exp for Energy Saving,2500000
893,808101 Street Lights Section,2206041 Workshop and Seminars,200000
894,808101 Street Lights Section,2208051 Miscellaneous expenses,100000
895,808101 Street Lights Section,2301002 Maint. of Street lighting,250000000
896,808101 Street Lights Section,2301013 Corporate buildings / electricity costs of school buildings,25000000
897,808101 Street Lights Section,2301018 Payment to MPSEB for Supervision/ New connection,10000000
898,808101 Street Lights Section,2305030 Public Lighting - Sodium & Tubes,100000
899,808101 Street Lights Section,2305031 Maint. of Highmasts (Public Lighting),10000000
900,808101 Street Lights Section,2305032 Public Lighting - Decorative,100000
901,808101 Street Lights Section,2305061 Electricity Arrangement for Garden,15000000
902,808101 Street Lights Section,2305062 Maint. Street light,80000000
903,808101 Street Lights Section,2305063 Removal of Electricity Pole,20000000
904,808101 Street Lights Section,2305064 Electricity Arrangement in Studium,500000
905,808101 Street Lights Section,2305065 Temporary Electricity Arrangement,22500000
906,808101 Street Lights Section,2305067 Maint of D.G. Set,500000
907,808101 Street Lights Section,2305068 Electric / gas Svdahgrh Mainance,1000000
908,808101 Street Lights Section,2305069 Maint. of Street Light of Service Road of Ring Road,5000000
909,808101 Street Lights Section,2305071 Temporary Electric Arrangement - Historical Palaces,2500000
910,808101 Street Lights Section,2305072 Maint. of Electrical Line - Z.O.,5000000
911,808101 Street Lights Section,2305073 Maint. of Electrical Lines - H.O.,5000000
912,808101 Street Lights Section,2305074 Maint. of Central Lighting,20000000
913,808101 Street Lights Section,2305075 Maint. of Street Light - Tube,100000
914,808101 Street Lights Section,4102040 Expenditure on electricity system in government schools,15000000
915,808101 Street Lights Section,4103301 Public Lighting at Burning Ghats,5000000
916,808101 Street Lights Section,4103302 Purchase of Transformer / DG Sets,1500000
917,808101 Street Lights Section,4103303 Public Lighting - Sodium & Tubes,100000
918,808101 Street Lights Section,4103304 Public Lighting - Highmasts,10000000
919,808101 Street Lights Section,4103306 Public Lighting at Other Public Places,100000000
920,808101 Street Lights Section,4103308 Electricity Charges - Historical Sites,500000
921,808101 Street Lights Section,4103309 Modernization of Main Roads (Electric Arrangment),20000000
922,808101 Street Lights Section,4103310 Electric Arrangement at - Main Sqr.,10000000
923,808101 Street Lights Section,4103311 Electric Arrangment at - New Garden,30000000
924,808101 Street Lights Section,4103312 Cons. of Gas powered set Svdahgrh,10000000
925,808101 Street Lights Section,4103314 Flud Light at Stadium,10000000
926,808101 Street Lights Section,4103315 Purchase of Light Fitting Tube,150000000
927,808101 Street Lights Section,4103316 Purchase of Energy Saving Equipment,2500000
928,808101 Street Lights Section,4103319 Street Light Line (Wire) Expenditure,20000000
929,808101 Street Lights Section,4103320 Corporate growth in the range of street lighting expenditure on lighting,10000000
930,808101 Street Lights Section,4104010 Purchase of Hydraulic Lift for Electrical Repairing,10000000
931,808101 Street Lights Section,4104021 Solar Plant Project Development Expenditure,2500000
932,808101 Street Lights Section,4106011 Purchase of Office Equipment,500000
933,808101 Street Lights Section,4106031 C.C.T.V. Camera exp.(Temporary),2500000
934,808101 Street Lights Section,4106032 C.C.T.V Camera Installation at IMC Head Office & Zonal Office,5000000
935,808101 Street Lights Section,4107001 Purchase of Furniture,500000
936,808201 Traffic and transport management,2208051 Miscellaneous expenses,500000
937,808201 Traffic and transport management,2305006 Maint of Sqr. Crossings/ Islands,15000000
938,808201 Traffic and transport management,2305008 Main Of Road/ Dividers,30000000
939,808201 Traffic and transport management,2305036 Repair of Traffic Signals,5000000
940,808201 Traffic and transport management,2305132 Traffic Movement,30000000
941,808201 Traffic and transport management,2305142 Exp. on Study for Schems Dev. traffic and Pollution Control,5000000
942,808201 Traffic and transport management,2305161 Public Transport,500000
943,808201 Traffic and transport management,2305176 Marking of roads by thermaplast paint,20000000
944,808201 Traffic and transport management,2305177 construction of boards for Instructions of traffic,5000000
945,808201 Traffic and transport management,2503009 Support for traffic improvements,100000
946,808201 Traffic and transport management,4102009 Expansion of Parking Lots,12500000
947,808201 Traffic and transport management,4102039 expenditure on bus Stand building Constration,25000000
948,808201 Traffic and transport management,4102043 Expenditure on development in various fields Bus Stand,70000000
949,808201 Traffic and transport management,4102075 Public Transport Contribution /Other To ICTCL,10000000
950,808201 Traffic and transport management,4102080 Expenditure on Construction of City Bus Stop (AICTSL),50000000
951,808201 Traffic and transport management,4103005 Development of Main Traffic Crossing Sqr.,40000000
952,808201 Traffic and transport management,4103013 Viability Gap Funding Contribution to I.C.T.C.L for public transport,60000000
953,808201 Traffic and transport management,4105030 Expenditure on Purchase of Bycycle for Public Services (AICTSL),20000000
954,808201 Traffic and transport management,4105031 Purchase of Buses for B.R.T.S. (AICTSL),60000000
955,808201 Traffic and transport management,4108041 Exp. on Establishment of New Traffic Signal,50000000
956,808201 Traffic and transport management,4108058 Direction Of Main Road Expenditure,15000000
957,808201 Traffic and transport management,4123006 Construction of Hawkers Zone,10000000
958,808301 JNNURM,2101001 Salaries & Allowances,5000000
959,808301 JNNURM,2101021 Wages (Muster Workers),200000
960,808301 JNNURM,2101026 Salaries Remuneration / Honorarium Exp. (Contract basis),2500000
961,808301 JNNURM,2201212 Website Maintenance,200000
962,808301 JNNURM,2201221 Postage/Courier expenses,100000
963,808301 JNNURM,2201239 Survey and Drawing consultant,10000000
964,808301 JNNURM,2202101 Printing expenses,300000
965,808301 JNNURM,2203005 Travelling and Conveyance - Staff,200000
966,808301 JNNURM,2206002 Tenders Advertisement Expenses,10000000
967,808301 JNNURM,2206021 Exhibition expenses,200000
968,808301 JNNURM,2208051 Miscellaneous expenses,500000
969,808301 JNNURM,2305215 Maint.Of Building,500000
970,808301 JNNURM,2305906 Maint. of Office Equipment,200000
971,808301 JNNURM,3315005 The urban poor / Hitgarhiyon fraction of the amount of the financial institution / bank re-payment,10000000
972,808301 JNNURM,4102030 Exp. From PPP/Pub. Contrbn. In JNNURM Projects,1000
973,808301 JNNURM,4103040 Flyovers & Bridges - BRTS,100000
974,808301 JNNURM,4103112 Other JNNURM Project Exp.,100000
975,808301 JNNURM,4104030 Water Distribution System Survey Yojna Expenses,1000
976,808301 JNNURM,4104031 Pipeline for Water Distribution at A.B. Road Byepass Area,1000
977,808301 JNNURM,4105018 Contribution of IMC in Purchase of New City Bus / Other,100000
978,808301 JNNURM,4106011 Purchase of Office Equipment,500000
979,808301 JNNURM,4107001 Purchase of Furniture,500000
980,808301 JNNURM,4108010 Expenditure on Other Projects,1000000
981,808301 JNNURM,4108097 JNNURM 2nd Phase Scheme Expenditure/ other misson Scheme Expenditure,1000
982,808301 JNNURM,4123015 Arrangement of Distribution of water Supply,1000
983,808302 Yeswant Sagar Project,4103260 Augmentation Of Yeshwant Sagar (Water Supply),1000
984,808303 Indore Sewerage Project,4103115 Sewerage Project,1000000000
985,808305 Houses for Slum,4103261 Houses For Slum Dewellers & Urban Poor,10000000
986,808305 Houses for Slum,4103295 Housing Project in Slum Area (2 Phase),100000000
987,808306 Solid Waste Management,4123065 Solid Waste Management,5000000
988,808307 River Side Corridor Public Transport Coridore,4101023 River/ Publice Transport corridor/ Other corridor Expenditure,50000000
989,808311 Parking Structures At 20 Locations,4102024 Parking Lots,100000000
990,808801 ADB (UDAY),2101001 Salaries & Allowances,6000000
991,808801 ADB (UDAY),2201221 Postage/Courier expenses,10000
992,808801 ADB (UDAY),2202101 Printing expenses,10000
993,808801 ADB (UDAY),2203005 Travelling and Conveyance - Staff,1200000
994,808801 ADB (UDAY),2208051 Miscellaneous expenses,3000000
995,808801 ADB (UDAY),4103240 Work of Distribu. System (150-600MM Dia)Zone-1,18000000
996,808801 ADB (UDAY),4103252 Laying of Pipes of Federmain & Other Related Works,88000000
997,808801 ADB (UDAY),4103270 Constriction of Jalud Headworkâ€™s on City & Pumping Station,100000000
998,808801 ADB (UDAY),4103272 Work of Disstribu. System (150-600MM Dai) Phase III,18000000
999,808801 ADB (UDAY),4103279 Water Supply and Constriction of Toilet (20 Slum Area ),200000
1000,808801 ADB (UDAY),4103283 MS Feeder Main word for inter connection of 6 nos. Rcc OHSR,1000000
1001,809001 Right To Information,2201221 Postage/Courier expenses,20000
1002,809001 Right To Information,2202101 Printing expenses,50000
1003,809001 Right To Information,2202105 Exp for Photocopy,50000
1004,809001 Right To Information,2305906 Maint. of Office Equipment,10000
1005,809001 Right To Information,4102034 Construction of New Room for RTI office,200000
1006,809001 Right To Information,4106002 Purchase of Computers/Peripherals,100000
1007,809001 Right To Information,4107001 Purchase of Furniture,100000
1008,809201 Smart City,4605022 Advance to Smart City Company,2000000000
1009,809202 Amrit Scheme,4101054 Expenditure on Development of Parks Under Amrit Scheme,160000000
1010,809202 Amrit Scheme,4103078 Expenditure on Storam Water Drain Under Amrit Scheme,40000000
1011,809202 Amrit Scheme,4103127 Expenditure on sewerage Under Amrit Scheme,1417010000
1012,809202 Amrit Scheme,4105032 Expenditure on Urban Transport System Under Amrit Scheme,206000000
1013,809202 Amrit Scheme,4108040 Expenditure on Water Distribution Under Amrit Scheme,1433650000
1014,809203 House for eveyone 2022,4102087 Expenditure of Under House For All Scheme 2022 & Other Works,3511720000
1015,809204 Clean India Mission,4101048 Expenditure on Preparation of D.P.R. / Proposed Work / Purchase under Swatch Bharat Mission,500000000
1016,900301 Property Tax Section,2102062 Reward amount Payble to Employee Against Recovery of Property Tax,500000
1017,900301 Property Tax Section,2203005 Travelling and Conveyance - Staff,50000
1018,900301 Property Tax Section,2206005 Incentive to advance tax Payers,2500000
1019,900301 Property Tax Section,2305502 Computers,500000
1020,900301 Property Tax Section,2503007 Exp. On Population Census,500000
1021,900302 Water Tax Section,2102063 Reward amount Payble to Employee Against Recovery of Water tax,500000
1022,900302 Water Tax Section,2201221 Postage/Courier expenses,500000
1023,900302 Water Tax Section,2202101 Printing expenses,1000000
1024,900302 Water Tax Section,2208520 Expenses for Revenue Collection,500000
1025,900302 Water Tax Section,2308022 Water Tax Recovery for Publicity & Advertsement Exp,300000
1026,900302 Water Tax Section,4106028 Purchase of New Equipment for Water Tax Recovery,500000
1027,900304 Revenue Department,2201221 Postage/Courier expenses,20000000
1028,900304 Revenue Department,2208015 Miscellancous Exp.,100000
1029,900304 Revenue Department,2308016 Purchase of Grass for Gaushalas Animal,6500000
1030,900304 Revenue Department,2308017 Maintenance Exp at Goshala Garden,1000000
1031,900304 Revenue Department,2308018 Exp on Medicine for goshala Animal,1000000
1032,900304 Revenue Department,4106024 Equipments for Cathing of Stray CAttle,500000
1033,900304 Revenue Department,4106026 Purchase New CCTV Camera,500000
1034,900304 Revenue Department,4106027 Purchase New Automatic Trailer Printer,2000000
1035,900306 Survey Department Revenue,2101001 Salaries & Allowances,7260000
1036,900306 Survey Department Revenue,2201221 Postage/Courier expenses,100000
1037,900306 Survey Department Revenue,2202101 Printing expenses,1000000
1038,900306 Survey Department Revenue,2208028 Survey of Expansion of Urban Area Expenditure,2500000
1039,900306 Survey Department Revenue,2208051 Miscellaneous expenses,200000
1040,900306 Survey Department Revenue,2208503 Survey of Land & Building,5000000
1041,900306 Survey Department Revenue,2208504 Survey of Water Connection,5000000
1042,900306 Survey Department Revenue,2208505 Survey of License,500000
1043,900306 Survey Department Revenue,2304001 Hire Charges of Light Vehicles,500000
1044,900306 Survey Department Revenue,2305401 Maint. of Furniture /Fixtures,1000000
1045,900307 Assessment Department Revenue,2101001 Salaries & Allowances,36300000
1046,900307 Assessment Department Revenue,2202101 Printing expenses,1000000
1047,900307 Assessment Department Revenue,2202104 Exp. on Maint. of Records,5000000
1048,900307 Assessment Department Revenue,2203005 Travelling and Conveyance - Staff,100000
1049,900307 Assessment Department Revenue,2206040 Feasibility Study of Other Corporetion,200000
1050,900307 Assessment Department Revenue,2206041 Workshop and Seminars,750000
1051,900307 Assessment Department Revenue,2208051 Miscellaneous expenses,300000
1052,900307 Assessment Department Revenue,2208520 Expenses for Revenue Collection,2500000
1053,900307 Assessment Department Revenue,2304001 Hire Charges of Light Vehicles,500000
1054,900307 Assessment Department Revenue,2305401 Maint. of Furniture /Fixtures,1000000
1055,900308 Recovery and Vigilence Department Revenue,2101001 Salaries & Allowances,39325000
1056,900308 Recovery and Vigilence Department Revenue,2201221 Postage/Courier expenses,50000
1057,900308 Recovery and Vigilence Department Revenue,2202101 Printing expenses,100000
1058,900308 Recovery and Vigilence Department Revenue,2203005 Travelling and Conveyance - Staff,50000
1059,900308 Recovery and Vigilence Department Revenue,2208051 Miscellaneous expenses,100000
1060,900308 Recovery and Vigilence Department Revenue,2208520 Expenses for Revenue Collection,500000
1061,900309 Market Revenue Department,2101001 Salaries & Allowances,45375000
1062,900309 Market Revenue Department,2201221 Postage/Courier expenses,10000
1063,900309 Market Revenue Department,2203005 Travelling and Conveyance - Staff,50000
1064,900309 Market Revenue Department,2208051 Miscellaneous expenses,500000
1065,900309 Market Revenue Department,2208506 Survey of Hoardings,1000000
1066,900309 Market Revenue Department,2305134 Maint. of other Buildings of corporation,5000000
1067,900309 Market Revenue Department,2305918 Photography / Video graphical expenditure,1000000
